<?xml version="1.0" encoding="UTF-8"?>
<project-private xmlns="http://www.netbeans.org/ns/project-private/1">
    <editor-bookmarks xmlns="http://www.netbeans.org/ns/editor-bookmarks/2" lastBookmarkId="0"/>
    <open-files xmlns="http://www.netbeans.org/ns/projectui-open-files/2">
        <group>
            <file>file:/C:/Users/Amit%20CSIO/Desktop/Wheel%20chair%20copy/src/csio/CSIO_MAIN.java</file>
            <file>file:/C:/Users/Amit%20CSIO/Desktop/Wheel%20chair%20copy/src/javafx/scene/control/GridPane.java</file>
            <file>file:/C:/Users/Amit%20CSIO/Desktop/Wheel%20chair%20copy/src/csio/Avrdude_Command.java</file>
            <file>file:/C:/Users/Amit%20CSIO/Desktop/Wheel%20chair%20copy/src/csio/StatusBar.java</file>
        </group>
    </open-files>
</project-private>
